userGuid,employeeId,name,department,role,joinDate,lineManagerId,active
EMP_001,1,Alice Johnson,Engineering,Lead Developer,2021-05-10,,TRUE
EMP_002,2,Bob Williams,Engineering,Senior Developer,2022-08-15,EMP_001,TRUE
EMP_003,3,Charlie Brown,Finance,Financial Analyst,2023-01-20,EMP_001,TRUE
EMP_004,4,Blice Bohnson,Technology,Lead Developer,2021-05-10,EMP_002,TRUE
EMP_005,5,Bob Billiams,Engineering,Senior Developer,2022-08-15,EMP_001,TRUE
EMP_006,6,Bharlie Brown,Finance,Financial Analyst,2023-01-20,EMP_002,TRUE
EMP_007,7,Clice Cohnson,Technology,Lead Developer,2021-05-10,EMP_001,TRUE
EMP_008,8,Cob Cilliams,Engineering,Senior Developer,2022-08-15,EMP_001,TRUE
EMP_009,9,Charlie Brown,Finance,Financial Analyst,2023-01-20,EMP_003,TRUE
EMP_010,10,Dlice Dohnson,Finance,Lead Developer,2021-05-10,EMP_002,TRUE
EMP_011,11,Dob Dilliams,Engineering,Senior Developer,2022-08-15,EMP_001,TRUE
EMP_012,12,Dharlie Drown,Finance,Financial Analyst,2023-01-20,EMP_001,TRUE
EMP_100,100,Viajy Sethupathy,Finance,Financial Analyst,2023-01-20,EMP_001,TRUE
EMP_101,101,Vikram Singh,Finance,Financial Analyst,2023-01-20,EMP_001,TRUE
EMP_102,102,Satya Ray,Finance,Financial Analyst,2023-01-20,EMP_001,TRUE
EMP_999,999,Sam Nadella Ray,Finance,Financial Analyst,2023-01-20,EMP_001,TRUE