groupId,groupName,description,resourceType
GRP_001,Application Administrators,Admins for the billing application,Application
GRP_002,Finance SharePoint,Access to the finance SharePoint site,SharePoint
GRP_003,Security Administrators,Admins for Security,Application
GRP_004,Security Users,Users for Security,SharePoint
GRP_005,DB Administrators,Admins for DB,Application
GRP_006,DB Users,Users for DB,SharePoint
GRP_007,MQ Administrators,Admins for MQ,Application
GRP_008,MQ Users,Users for MQ,SharePoint
GRP_009,AD Administrators,Admins for AD,Application
GRP_010,AD Users,Users for AD,SharePoint
RP_011,BD Users,Users for BD,Directory Services
GRP_012,CD Users,Users for CD,Directory Services
GRP_013,DD Users,Users for DD,Directory Services
GRP_014,ED Users,Users for ED,Directory Services
GRP_015,FD Users,Users for FD,Directory Services
GRP_016,GD Users,Users for GD,Directory Services
GRP_017,HD Users,Users for HD,Directory Services
GRP_018,ID Users,Users for ID,Directory Services
GRP_019,JD Users,Users for JD,Directory Services
GRP_020,kD Users,Users for KD,Directory Services
GRP_022,LD Users,Users for LD,Directory Services
GRP_023,MD Users,Users for MD,Directory Services
GRP_024,ND Users,Users for ND,Directory Services
GRP_025,OD Users,Users for OD,Directory Services
GRP_026,PD Users,Users for PD,Directory Services
GRP_027,QD Users,Users for QD,Directory Services
GRP_028,RD Users,Users for RD,Directory Services
GRP_029,SD Users,Users for SD,Directory Services
GRP_030,TD Users,Users for TD,Directory Services
GRP_031,UD Users,Users for UD,Directory Services
GRP_032,VD Users,Users for VD,Directory Services
GRP_033,WD Users,Users for WD,Directory Services
GRP_034,XD Users,Users for XD,Directory Services
GRP_035,YD Users,Users for YD,Directory Services
GRP_036,ZD Users,Users for ZD,Directory Services
GRP_100,GroupFinanceApprove,Approver group for Finance,Directory Services
GRP_200,GroupPaymentsExecute,Payment execute group,Directory Services
GRP_101,GroupHRConfidential,HR confidential groups,Directory Services
GRP_201,GroupITAdmin,IT Admin group,Directory Services
GRP_102,Dev,Dev Groups,Directory Services
GRP_202,Ops,Ops Groups,Directory Services